problem_id;phase_id_dep;title;problem_description;choice_a;outcome_a;popularity_a;creativity_a;familly_life_a;speed_a;choice_b;outcome_b;popularity_b;creativity_b;familly_life_b;speed_b;character_img_id;background_img_id
RECORDING_ISSUE;REGISTER_VOICE;;Tu découvres que ton micro a buggé, et ton enregistrement sur $GAME est inaudible.;Recommencer l'enregistrement;Ton texte sur $GAME est bien rodé maintenant, mais tu y passes l'aprèm.;+1;0;0;-1;Utiliser un vieux backup;La qualité est bof, mais tu gagnes du temps.;-1;0;0;+1;PLOUF_HESITE;BACK_BUREAU
STORYBOOK_GOLDEN;REGISTER_VOICE;;Ta fille se mets au lit et attends sa lecture du soir.;Improviser un conte toi-même;Tu crées une histoire avec des zombies cochons.;0;0;+1;-1;Lui lire "Tchoupi ne veut pas prêter";Elle connait déjà cette histoire par coeur, mais tu reposes ta voix.;0;0;-1;+1;PLOUF_PETITE_JOUER;BACK_CHAMBRE
CHILD_INTERRUPT;REGISTER_VOICE;;Ta fille débarque pendant que tu enregistres la chronique sur $GAME.;Garder la prise;Tu publies avec sa voix “papa !”, c’est adorable mais très long à bien mixer dans la vidéo.;0;0;+1;-1;Recommencer;Elle n'aura pas sa voix dans la vidéo sur $GAME, mais ton mixage son est autrement plus facile.;0;0;-1;+1;PLOUF_PETITE_JOUER;BACK_BIBLIO
SOUND_AMBIANCE;REGISTER_VOICE;;Un oiseau chante trop fort à la fenêtre à côté du bureau.;Réenregistrer plus tard;Tu attends. Mais ça repousse ton planning.;0;+1;0;-1;Garder le bruit;Tu fais une vanne dessus dans les commentaires.;0;-1;0;+1;PLOUF_COLERE;BACK_MAISON
ADOBE_CRASH;MOUNT_CHRONIQUE_VIDEO;;Premiere plante et tu perds 3h de montage sur $GAME.;Hurler et tout refaire;Tu relances le logiciel à contrecœur, mais avec efficacité.;+1;0;0;-1;A court de temps tu coupes une section\n de vidéo;Tu coupes dans le tas. La chronique sur $GAME sonne un peu bizar, mais peu de monde le remarquera;-1;0;0;+1;PLOUF_COLERE;BACK_BUREAU
DAUGHTER_SICK;MOUNT_CHRONIQUE_VIDEO;;Ta fille fait des terreurs nocturnes depuis 3 nuits.;La rassurer et rester près d'elle;Tu sacrifies ta session de montage, mais tu gagnes des câlins et tout se passe bien.;0;0;+1;-1;Mettre un casque et laisser\n Madame gérer;Son regard le matin te fais dire que ses 5 réveils de la nuit vont te coûter cher, TRES cher.;0;0;-1;+1;PLOUF_FATIGUE;BACK_CHAMBRE
WIFE_DATE_SOON;MOUNT_CHRONIQUE_VIDEO;;Madame te rappelle votre dîner au resto prévu ce soir.;Ton montage attendra;Tu stresses un peu mais le montage sur $GAME va attendre un peu.;0;0;+1;-1;Lui demander si on peut décaler;Tu repousses le dîner, mais à la place de resto, tu risques une soupe à la grimace.;0;0;-1;+1;MMEPLOUF;BACK_CUISINE
NIGHT_EDITING;MOUNT_CHRONIQUE_VIDEO;;Il est minuit. Tu n’as pas fini le montage de $GAME.;Continuer;Tu finis à 3h. Tu tiens avec du Mountain Dew, tes reins trinquent plus que toi.;0;-1;0;+1;Dormir et reprendre demain;Tu es plus frais mais jeudi 18h semble très proche.;0;+1;0;-1;PLOUF_HESITE;BACK_CHAMBRE
SILENT_HILL_DISTORSION;MOUNT_CHRONIQUE_VIDEO;;Pendant le montage de Silent Hill 2 tes séquences s'altèrent toutes seules avec du bruit, du flou et des distorsions;Tu redessines tout;Tes assets étant devenus maudis, tu les jettes et tu redessines tout. Ca te prends des jours et des jours, mais les vieux assets en sortent améliorés;0;+1;0;-1;Garder les "effets";Tu gagnes du temps, mais désormais tu as l'impression que dans ta vie il y a comme une sorte de "grain" partout, tu te demandes si tu n'es pas téléporté dans... non quand même pas...;0;-1;0;+1;PLOUF_HESITE;BACK_BUREAU
LOST_PROJECT_FILE;UPLOAD_CHRONIQUE_VIDEO;;Ton projet de montage $GAME a disparu du disque dur.;Recommencer depuis zéro;Tu reconstruis ton projet $GAME et ça devient encore mieux.;+1;0;0;-1;Rechercher dans la corbeille;Tu retrouves une version basse résolution de $GAME, ça ira très bien.;-1;0;0;+1;PLOUF_HESITE;BACK_BUREAU
COMMENT_MECHANT;UPLOAD_CHRONIQUE_VIDEO;;Un viewer t’insulte gratuitement sous la vidéo de Resident Evil 6 car LUI avait aimé.;L’ignorer;Tu fais semblant que ça ne te touche pas. Mais tu rumines.;+1;-1;0;0;Répondre calmement;Tu poses une limite claire avec une réponse argumentée (qui reprends point par point la vidéo...). Mais il ne comprends rien et appelle d'autres fanboys...;-1;+1;0;0;FANBOY;BACK_MAISON
SPONSOR_EMAIL;UPLOAD_CHRONIQUE_VIDEO;;Une marque de boisson "Hol*" t’écrit pour sponsoriser ta prochaine vidéo d'analyse. Le mail est arrivé dans les spams.;Répondre dans la foulée;Tu assures le partenariat, mais tu dois bosser tard pour intégrer la pub avec Gros nounours qui bois trop de soda.;+1;0;0;-1;Laisser pour demain;Tu dors, mais le sponsor va peut-être se rétracter.;-1;0;0;+1;EDITOR;BACK_EDITEUR
UPLOAD_TOO_LATE;UPLOAD_CHRONIQUE_VIDEO;;Il est 18h mais il manque quelques sons au montage de $GAME.;Publier quand même;Tu assures la deadline, mais quelques blagues fonctionnent moins bien.;0;-1;0;+1;"When it's done";Tu fini la vidéo d'abord, la vidéo sort à 21h et tu stresses en pensant à l’algorithme de Youtube.;0;+1;0;-1;PLOUF;BACK_BUREAU
LAST_MINUTE_EDIT;UPLOAD_CHRONIQUE_VIDEO;;Tu te rends compte que tu as oublié une scène importante de $GAME.;Laisser comme ça;Tu publies. Mais tu sais que tu pouvais faire mieux.;0;-1;0;+1;La rajouter et republier;Tu offres une version plus complète. Les fans apprécient l’effort.;0;+1;0;-1;PLOUF_HESITE;BACK_BUREAU
LAUNCH_WEEK;UPLOAD_CHRONIQUE_VIDEO;;La sortie de la chronique $GAME est imminente, mais l'interface de youtube semble...cassée?;Uploader quand même la vidéo;La vidéo est prêt à 18h, mais... Youtube était bien cassée, la vidéo est en vitesse 1.5x.;0;-1;0;+1;Reporter l’upload à 19h;Tu attends un peu que Youtube revienne à un état normal, mais tu manques la sortie de 18h.;0;+1;0;-1;PLOUF_RETARD;BACK_CANAPE
PRAISE_THE_EMPIRE;UPLOAD_CHRONIQUE_VIDEO;;L'upload de ta chronique sur le très mauvais Star Wars Outlaws est remplacée par un fichié nommé "praise_the_empire.mp4";Accuser Ubisoft;Ta vidéo est un fiasco et la seule réponse d'Ubisoft est un GIF de Dark Vador se moquant de ton manque de "confiance" dans le côté obscur de l'industrie;-1;0;0;+1;Réuploader en mode "rebelle";Tu as changés ton mot de passe Youtube, et ton histoire de rebelle contre l'empire des Bretons fais un carton sur internet;+1;0;0;-1;PLOUF_JEU_MORT;BACK_EDITEUR
PODCAST_LAG;;;Le montage audio du podcast que t'a envoyé Pseudoless est bizarement buggé.;Appeler Pseudoless pour t’aider;Il te donne un fichier propre, ouf.;+1;0;0;-1;Tenter de changer le pitch;Le montage audio retrouve son timing prévu, mais ça sonne faux. Littéralement. Pseudo va être surpris.;-1;0;0;+1;PSEUDO;BACK_PODCAST
INDI_ALLEMAND;;;En testant la version Xbox d'Indiana Jones, tu découvres que le doublage FR est buggé sur ta machine;Attendre le patch;Tes abonnés mécontents du retard te rappelle que tu n'avais pas reculé devant zelda en Allemand, vive la résistance;+1;0;0;-1;Jouer en Allemand;Tu renommes ta chronique "Indiana Jones un der Plouf" et les blagues sur les nazis n'en sont que plus drôles, mais bizarrement d'actualités;-1;0;0;+1;PLOUF_DARK;BACK_BIBLIO
ASSASSIN_T;;;En testant Assassin Creed Shadow après un saut... disons audacieux, ton perso reste bloqué en T-pose.;L'intégrer tel quel;Tu prends la décision d'intégrer la pose dans toute ta chronique. Tu dois refaire beaucoup d'assets, mais le résultat est hilarant!;+1;0;0;-1;Passer sous silence;Tu n'en parles pas et tu peux utiliser tes assets habituels, mais le bug est tellement connu que tu te prends des attaques des anti-Ubisoft sur un prétendu accord avec Ubisoft pour taire ce bug;-1;0;0;+1;FANBOY;BACK_MAISON
MOM_SUPPORT;;;Ta mère passe te voir et t’aide à organiser ton bureau en bordel.;Laisser faire;Tu respires mieux dans ce nouvel espace et trouves une meilleure concentration.;0;+1;+1;0;Refuser;Tu refuses par fierté, et restes bloqué dans le désordre.;0;0;0;0;PLOUF;BACK_BUREAU
BOITE_A_SOUVENIRS;;;Madame retrouve une vieille boîte de dessins à toi.;L’explorer;Tu es ému, ça relance ton inspiration artistique.;0;+1;+1;0;L’ignorer;Tu n’as pas le temps, tu rates peut-être un déclic créatif qui t'aurais bien aidé sur $GAME.;0;0;0;0;MMEPLOUF;BACK_CUISINE
NEW_SPIDERMAN_ANIME;;;Mme Plouf te propose d'aller voir le dernier film d'animation Spiderman qui est très beau parait-il.;Dire oui;C'est super inspirant!;0;+1;+1;0;Dire non;Tu rates une bonne soirée, tu restes seul devant ton ordi face à $GAME.;0;0;0;0;MMEPLOUF;BACK_CANAPE
MESSAGE_MOTIVANT;;;Ta fille t’a laissé un mot “Tu es le meilleur papa du monde”.;Le garder sur le bureau;Tu travailles avec le sourire toute la journée.;0;+1;+1;0;Le mettre sur le tas;Tu le mets de côté et te reconcentres. Tu culpabilises ensuite.;0;0;0;0;PLOUF_FILLE;BACK_BUREAU
SOUTIEN_CREATION;;;Ta chère et tendre regarde ton dernier dessin et te donne un super retour constructif.;L’écouter;Tu ajustes quelques détails qui rendent le dessin bien meilleur.;0;+1;+1;0;Ignorer;Tu ignores les conseils, ton dessin sur $GAME reste bancal. Elle avait raison. Elle a souvent raison en fait.;0;0;0;0;MMEPLOUF;BACK_BUREAU
DOGMA_PION;;;Ton pion sur Dragon's Dogma 2 devient viral, tu ne savais pas trop ce que tu faisais, tu avais juste tenté de refaire Pseudoless un peu à l'arrache;Envoyer un email à Capcom;Capcom l'adore et le rajoute en micro transaction à Ace attorney, Madame adore son nouvel avocat!;0;+1;+1;0;Le supprimer;Pseudo n'avait pas encore eu le temps de le voir, et vu le résultat, valait mieux qu'il ne le voit pas en fait;0;0;0;0;PLOUF_DARK;BACK_RUE_RUINE
MEAL_BREAK;;;Il est 14h, tu n’as toujours pas mangé.;Se faire un tacos sur le pouce;Tu perds en énergie mais gagnes du temps.;0;-1;0;+1;Faire une vraie pause;Tu cuisines, tu te poses, tu repars frais.;0;+1;0;-1;PLOUF;BACK_CUISINE
TOO_MUCH_SCREEN;;;Tu commences à avoir mal aux yeux.;Boire un café;Tu fonces… droit dans la fatigue.;0;-1;0;+1;Faire une sieste;Tu dors 20 minutes. Renaissance.;0;+1;0;-1;PLOUF_FATIGUE;BACK_CUISINE
BURNOUT_FEELING;;;Tu sens que tu craques, mais tu veux finir ton planning.;Continuer coûte que coûte;Tu avances sur $GAME, mais à quel prix ? Tu t’effondres le soir venu. Les vacances sont encore loin?;0;-1;0;+1;Faire une pause;Tu te recentres, et retrouves un peu équilibre. Vivement les vacances ceci-dit!;0;+1;0;-1;PLOUF_DARK;BACK_CHAMBRE
PSEUDOLESS_DECIDE;;;Pseudoless t’annonce le jeu du podcast : il se venge enfin des podcast de Noël: Persona 5.;Commencer à y jouer tout de suite;Tu prends de l’avance, mais dit adieu à ta soirée (spoiler: et aux suivantes).;0;+1;0;-1;Tu supplie Pseudo de changer;Tu t'excuse ventre à terre pour tous les mois de décembre que tu lui as ... proposés. Dans sa grande bonté il t'excuse et change sur Resident Evil 4 pour se faire pardonner du stress (mais tu te dis que ça se trouve refaire le 6 en décembre ne serait pas une mauvaise idée en fait);0;-1;0;+1;PSEUDO;BACK_PODCAST
REHEARSE_SCRIPT;;;Tu bloques sur une phrase compliquée avec une blague sur le volcan Eyjafjallajökull.;Faire 15 prises;Tu t’énerves un peu, mais c’est fluide au final. Bon c'était pas la meilleure idée du sciècle en fait.;0;+1;0;-1;Changer la phrase;Tu vires ce fichu volcan. C’est plus clair, mais moins drôle.;0;-1;0;+1;PLOUF_COLERE;BACK_BUREAU
VALIX_TOTK;;;Juste avant la sortie de la vidéo sur Zelda TOTK, Valix te dit qu'il a un gros, gros doute sur la miniature prévue, il aimerait la refaire;Faire confiance à Valix;Valix sort de son travail en speed et passe toute la soirée à refaire la miniature. La nouvelle est juste MAGNIFIQUE, tu as eu raison de lui faire confiance;0;+1;0;-1;Prendre celle que tu as déjà;Tu trouves que celle prévue n'est "pas si mal" et tu sors la vidéo avec celle là. Personne ne clic sur la vidéo car ils n'ont pas reconnu Link. Ok, Valix avait clairement raison en fait;0;-1;0;+1;PLOUF_HESITE;BACK_CANAPE
TWITTER_THREAD;;;Un thread Twitter s’emballe sur l’un de tes propos sur $GAME.;Faire une vidéo réponse;Tu clarifies ta pensée, mais ça prend du temps.;+1;-1;0;0;Ignorer et continuer à créer;Tu restes focus, mais ton compte twitter se fait harceler de bots.;-1;+1;0;0;FANBOY;BACK_MAISON
DISCORD_SPAM;;;Ton serveur est envahi de bots pendant la nuit.;Tout modérer toi-même;Tu règles le souci mais perds ta matinée.;+1;-1;0;0;Demander à Léa et Valix;Tu délègues. Tu peux souffler mais on dirait qu'ils y ont été trop directement. Oups.;-1;+1;0;0;FANBOY;BACK_MAISON
TWITTER_DRAMA;;;Un influenceur te cite en se moquant d’un de tes dessins.;Répondre avec humour;Ta répartie fait mouche, et tu as gagné une grosse partie de ses abonnés. Mais ça t’a pompé.;+1;-1;0;0;Ignorer;Tu continues ta journée sans t'énerver.;-1;+1;0;0;PLOUF_COLERE;BACK_BUREAU
LITTLE_SUCCESS;;;Vidéo précédente atteint 200k vues !;Faire une annonce joyeuse;Tu savoures et partages la joie.;+1;-1;0;0;Garder la tête froide;Tu continues sans rien dire, concentré sur $GAME.;-1;+1;0;0;PLOUFMAN;BACK_PLOUFCAVE
TIKTOK_TREND;;;Un extrait d’une de tes vieilles chroniques (c'était sur Pokemon Ecarlate et Violet) devient viral.;Le commenter en short youtube;Tu surfes sur la vague et gagnes des abonnés.;+1;-1;0;0;Ignorer;Tu continues ta routine et focus sur $GAME.;-1;+1;0;0;PLOUFMAN;BACK_BUREAU
STREAM_IMPROMPTU;;;Un fan enthousiaste t’invite à participer à un stream collaboratif ce soir à 21h. Tu n'avais rien prévu, mais ça peut être cool.;Accepter le stream;Tu acceptes ! C'est fun, ça fait découvrir ta chaîne à d'autres, mais tu dors à 2h du mat.;+1;0;0;-1;Refuser poliment;Tu refuses. Dommage pour la visibilité, mais tu avance sur ton test.;-1;0;0;+1;PLOUF_HESITE;BACK_BUREAU
BOREALIS_EMAIL;;;Un salon de jeux indés à Vienne t’invite, mais ça va te prendre le week-end en entier.;Accepter;Tu découvres plein de pépites et des devs cools.;+1;0;0;-1;Refuser;Tu gagnes du temps pour ta vidéo.;-1;0;0;+1;PLOUF_HESITE;BACK_MAISON
FESTIVAL_COMICS;;;Un festival BD a lieu ce week-end dans ta ville.;Y aller;Tu rencontres des artistes, et ça t’inspire.;+1;0;0;-1;Rester bosser;Tu avances ton épisode, mais tu rates des moments uniques.;-1;0;0;+1;PLOUF;BACK_PLAGE
DEADLINE_MELTDOWN;;;Tu réalises que tu n’as plus de temps pour tout faire.;Continuer malgré tout;Tu forces le travail et as une fin de journée chaotique.;0;-1;0;+1;Prendre une pause;Tu récupères de l’énergie, mais tu manques des deadlines.;0;+1;0;-1;PLOUF_RETARD;BACK_BUREAU
INBOX_OVERLOAD;;;Ta boîte de réception explose, les différents ministères semblent avoir lancé un défi à celui qui t'envois le plus de relances.;Tout traiter;Tu y passes la soirée entière,  moins de charge mentale après mais le stream tombe à l'eau.;-1;0;0;+1;Laisser pour demain;Tu procrastines… et tu stresses, mais tu as le temps de streamer.;+1;0;0;-1;PLOUF_HESITE;BACK_CANAPE
HOUSE_WORK;;;Un artisan doit venir réparer une fuite chez toi à 14h alors que tu devais streamer les Game Awards.;T’attendre avec ton ordi;Tu bosses en l’attendant, mais streamer dans ces conditions c'est mort.;-1;0;0;+1;Décaler à demain;Tu réorganises ton planning pour demain, mais au moins le stream peu se faire aujourd'hui, mais dans la catégorie "Bath tub".;+1;0;0;-1;PLOUF;BACK_CUISINE
WALLPAPER_RAGE;;;Un abonné Tipeee ne comprends pas qu'il y ait un carré sur les fond d'écrans de $GAME.;Quel carré? mais lui offrir un dessin perso;Il devient ton fan ultime, les autres sont jaloux (dont l'auteur de ce jeu soit dit au passant).;+1;0;0;-1;Quel carré?;Tu lui renvois les mêmes wallpapers, tu ne vois pas de quel carré il parle.;-1;0;0;+1;FANBOY;BACK_MAISON
PATREON_LEAK;;;Un abonné a partagé votre podcast bonus réservé aux patreons payants.;Lui rédiger un long message privé;Il comprends son erreur, et ne recommencera pas.;+1;0;0;-1;Notifier Youtube directement;Tu gagnes du temps, mais il le prends très mal et spam toutes tes vidéos.;-1;0;0;+1;PLOUF_COLERE;BACK_BUREAU
VIP_REQUEST;;;Une contributeuse Tipeee veut que tu la plouffise, mais elle t'as envoyé une photo ... sans vétements.;Tu lui notifies son erreur gentiement;Elle s'excuse de s'être trompée de photo, mais t'en envois une autre... encore sans vètements.;+1;0;0;-1;Tu la montre à Mme Plouf;Elle te dit 5min après que le problème est réglé. Tu ne préfères pas savoir comment elle a fait, ou plutôt ce qu'elle a fait.;-1;0;0;+1;PLOUFMAN;BACK_PLOUFCAVE
FANFIC_GATE;;;Un abonné a écrit une fanfic Yaoi de toi & Pseudoless.;En faire la lecture ironique;Viralité assurée, gêne maximale.;+1;0;0;-1;Ignorer lourdement;Ton silence alimente les théories sur votre relation.;-1;0;0;+1;PSEUDO;BACK_PODCAST
MARIO_PARTY;;;Tu stream une partie de "Mario Party 12" de 4h avec Pseudoless, mais il est vachement plus doué que toi.;Arrêter après le premier tour où Pseudo\n avait déjà 3 étoiles et toi... 0;Vous arrétez le massacre, et vous swtichez sur un Mario Kart.;0;0;+1;0;Aller jusqu'au bout;Votre amitié et surtout ton ego en sortent ébranlés.;0;0;-1;0;PSEUDO;BACK_PODCAST
PSEUDO_STRIKE;;;Tu propose Bugsy 3D pour le podcast de décembre. Pseudoless menace de créer un syndicat et faire grève.;Ok pour l'émulateur;Tu lui dis que sur l'émulateur ça sera très bien, et surtout: il y a les sve states et le rewind;0;0;+1;0;Console d'origine sinon rien;Tu préfères que le jeu soit fait dans son jus, sur console d'origine. Point de save state donc...;0;0;-1;0;PLOUF_PUBG;BACK_PODCAST
WEBCAM_MAL;;;Ta webcam décide de faire la mise au point sur… ton poster Mario Bros, floutant ton visage.;Assumer et dire que c’est un hommage\n artistique;Le chat explose de rire, tu gagnes même un abonné cosplayé en Goomba.;+1;0;0;0;Essayer de réparer pendant 30min;Tout le monde se barre sauf un gars qui voulait juste “entendre ta voix”.;-1;0;0;0;PLOUF_HESITE;BACK_PODCAST
CHAT_INCRUSTE;;;Ton dragon saute sur ton clavier en plein stream sur $GAME et tape “mmmmmmmiouuuuuuuuufghh”.;Lui donner le micro;C’est le meilleur stream de ta chaîne, tu deviens “le streamer au dragon”.;+1;0;0;0;Le virer sans ménagement;Tu perds 500 abonnés en 3 min. Tous pro-dragons.;-1;0;0;0;cochon;BACK_PODCAST
GAMING_FAIL;;;Tu restes bloqué sur un saut qui te semble infaisable dans le tuto de Cup Head;Lancer un compteur “sauts ratés”;Tes viewers créent des fanarts de tes essais.;+1;0;0;0;Faire semblant d’avoir un bug de\n manette;Ton acting est si mauvais que le chat te décerne un “Oscar du mensonge”.;-1;0;0;0;PLOUF_COLERE;BACK_CANAPE
QUIZ_CATA;;;Tu réponds à un quiz “connaissez-vous bien la chaîne?” écrit par tes modos… et tu rates 3 réponses sur 5.;Assumer;Tu crées un nouveau mème sur ta mémoire défaillante.;+1;0;0;0;Couper le quiz en prétendant un bug Twitch;Ton audience se méfie de tous tes futurs quizs.;-1;0;0;0;PSEUDO;BACK_PODCAST
STREAM_ISAAC;;;Trend sur le net: poster une run d'Isaac. Ça ne prendra pas beaucoup de temps une petite run non?;Un uterus de maman et c'est fini\n (drôle de phrase);Tu découvres une nouvelle synergie entre le haricot péteur et Sacred Heart.\nPersonne n'y avait pensé avant toi.;+1;0;0;0;Arrière démon!;Tu annonces que JAMAIS tu ne retoucheras à Isaac. ... non JAMAIS j'ai dit!;-1;0;0;0;PLOUF_COLERE;BACK_CANAPE
SUPERMAN_SLIP;;;En dessinant une chronique sur Suicide Squad tu réalises que les loot sont si moches que tu les changes en slip de Superman;Publier tel quel;Warner voulait justement mettre en avant le côté humour du titre, ils adorent ta chronique et t'envois un sac remplis de goodies;+1;0;0;0;Lancer un concours "redesign";Les participants vont beaucoup trop loin et on arrive avec un Baman grimé en Harley, Warner n'aime pas qu'on maltraite ainsi son seul perso encore bankable. Pseudo a même préféré prendre des congés après ce choc visuel;-1;0;0;0;PLOUFMAN;BACK_PLOUFCAVE
ELEPHANT_POWER;;;Le powerup éléphant dans Mario Wonder casse même les plateformes, tu n'arrives pas à finir les niveaux.;Créer un mod "no-elephant";Nintendo supprime ton mod en moins d'une heure (à croire qu'ils te surveillent), mais tu es un héro sur le net;+1;0;0;0;Speedrun 100% éléphant;Tu finis dernier du classement, derrière sa fille qui ne connaissait même pas ce jeu;-1;0;0;0;PLOUF_HESITE;BACK_CANAPE
DEBOIRE_XBOX;;;Ta vidéo sur les déboires de Xbox génère des réactions passionnées. Phil Spencer a liké un de tes tweets;Accepter son invitation Discord;Vous avez un échange cordial et a attiré un max de monde sur ton Discord;+1;0;0;0;Faire un live "Xbox RIP";Tu fais un live où tu enterres littéralement ta Xbox Series X dans ton jardin. La commu Xbox est furieuse et s'organise pour trouver ton addresse et sauver ta pauvre console de son sort;-1;0;0;0;FANBOY;BACK_MAISON
GEOFF_LIE;;;Pendant le Summer game fest, Geoff annonce un jeu avec des images "in game" trop belles pour être honnêtes (genre Geoff pourrait mentir?);Lancer un bingo "bullshit" en direct;Les fans adorent ta franchise, Geoff un peu moins mais bon, tu n'avais pas trop l'intention d'aller à sa sauterie de toute manière;+1;0;0;0;Faire semblant d'y croire;Pseudoless te traite de vendu pendant toute la semaine;-1;0;0;0;EDITOR;BACK_EDITEUR
STARFIELD_EXCLU;;;Xbox annonce une exclu Starfield ... de 6 mois;Minute de silence satirique;Tu fais une minute de silence pour la mort de l'audace de Xbox, les viewers rigolent bien et font de même sur le chat;+1;0;0;0;Monter un trailer PS5 et le poster;Ton trailer fait le buzz, l'industrie n'aime pas qu'on se moque ouvertement d'elle. Désormais même Phil Spenser te déteste dans le milieu des éditeurs;-1;0;0;0;EDITOR;BACK_EDITEUR
MGS5;;;Les fans réclament un MGS5 après un mois d'octobre Konami qui était déjà ultra chargé;Le faire en live;Tu montres un peu tes talents de sniper devant le chat en extase;+1;0;0;0;Vendre le podcast en "DLC";La chat est furieux et te critique, sortent des hastag DROP_THE_PRICE_MGS5 pour se plaindre du prix. Bon ils achettent tout de même, mais ils ne sont pas content hein.;-1;0;0;0;FANBOY;BACK_MAISON
PROCASTINATION;;;Tu crées un plan pour ton mois productif… et passes 4h à choisir une police pour le titre sur $GAME;Publier le résultat comme modèle de\n “procrastination productive”;Ton tweet buzz et tu gagnes des abonnés… mais tu n’as toujours rien fait.;0;0;0;-1;Tout jeter et revenir au post-it;Ta to-do tient en 3 mots : “faire la chose”. Et ça marche.;0;0;0;+1;PLOUF_HESITE;BACK_BUREAU
TOOCOFFEE;;;Tu bois un café oublié de la veille pour tenir une nuit de montage sur $GAME;Vomir et prendre un vrai jour off;Tu retrouves un rythme humain. Et ton estomac te remercie.;0;0;0;-1;Assumer et faire un vlog “trip caféiné”;Tu montes 2 vidéos et repeins la cuisine à 4h du mat. En tremblant.;0;0;0;+1;PLOUF_FATIGUE;BACK_CUISINE
OUPS_RDV;;;Tu t’es booké une interview Discord avec un studio et une livraison de donuts, le même jour, même heure.;Annuler l’interview;Ton excuse est tellement nulle que tu deviens un mème chez les studios de dev.;0;0;0;-1;Faire les deux en même temps;Tu interroges un développeur indé en tenant une boîte de nuggets. Ça tombe bien, il développait un jeu de gestion de magasin, ça lui donne des idées!;0;0;0;+1;PLOUF;BACK_CUISINE
PC_OVERLOAD;;;Tu lances un render, un upload, un montage et un script en même temps. Et ton PC est à l'agonie.;Tout fermer et ne garder qu’un truc;Ton PC survit, mais le rendu prenant des heures, tu perds ton aprem.;0;0;0;-1;Mettre une musique épique et appeler\n ça “mode super-sayan”;Ca sent le cramé dans toute la pièce au bout de 2h, tu te dis qu'il faudrait revoir le cooling de ton ordi un jour, ou l'utiliser pour cuire des cotelettes.;0;0;0;+1;PLOUF;BACK_BUREAU
FTL;;;Tu te trompes d'icone sur le bureau, et lances FTL par erreur.;Tu fermes le jeu immédiatement;... bon après 5min, juste le temps d'écouter un peu cette musique. Haaaaaa quelle musique....;0;0;0;-1;Non mais juste une petite run orientée\n abordage, c'est rapide ça;Tu te demandes encore comment tes deux mantis ont pu perdre contre un seul Engi, tu dois donc relancer une autre run alors que tu étais arrivé au secteur 7.;0;0;0;+1;PLOUF_FTL;BACK_CANAPE
LOST_CARDS;;;La Poste a perdu 10 cartes postales pour les tipeee;Faire semblant d'avoir raté l'alerte;Les tipeeurs sont tristes de ne pas pouvoir envoyer de carte postales à leur famille avec Monsieur Plouf dessus;-1;0;0;+1;Relancer de suite;Tu te débats dans les méandres de la Poste, mais ils arrivent à retrouver les colis, ça t'as juste pris plus de 4h au téléphone...;+1;0;0;-1;PLOUF_COLERE;BACK_PLOUFCAVE
WHAT_REMAINS_OF_2024;;;Tu penses faire une vidéo "Que reste-t-il de 2024?" avec une review de 12 jeux d'un coup;Reprendre les jeux déjà chroniqués;Pour gagner du temps tu repioches dans les jeux que tu as déjà chroniqués, mais le public s'attendais à de l'innatendu;-1;0;0;+1;12 jeux originaux sinon rien;Tu pioches dans 12 jeux dont tu n'avais pas parlé jusque qu'ici. Mais tu dois reprendre des captures des jeux et c'est super long;+1;0;0;-1;PLOUF_HESITE;BACK_CANAPE
UBI_FORWARDE_GAME;;;Le stream Ubi Forward commence et avec Pseudoless vous faites un bingo game basés sur le nombre de "live service" prononcés;Parier une écriture de vidéo;Toutes les 10 prononciations vous faites une vidéo en plus. En une soirée, votre planning est plein pour l'année!;-1;0;0;+1;Parier à boire;Vous faites un jeu à boire. Le public est content de vous voir littéralement rouler sous vos bureaux au bout de 30min, mais vous n'avez plus 20ans, et le reste de la semaine est très, très rude;+1;0;0;-1;PLOUF_SALE;BACK_PODCAST
KONAMI_CASINO;;;Konami revient avec un trailer de jeu de caniso en ligne Silent hill;Twitter "Comment tuer une franchise";Konami n'a pas apprécié la blague, et te blackliste désormais. Enfin encore plus qu'avant;-1;0;0;+1;Créer un faux trailer MGS6;Tu passes du temps à créer un super trailer sur un MGS6, les fans adorent, et filent harceler Konami pour l'avoir.;+1;0;0;-1;EDITOR;BACK_EDITEUR
OUTER_WILDS;;;Tu te réveilles en pleine nuit la veille de la sortie de la vidéo: tu as donné le nom "Outer Worlds" à Valix pour la miniature au lieu de "Outer Wilds"!;Tu fais ton David Goodenough;Bon les deux sont dans l'espace, oublies que tu as aucune chance, sur un malentendu ça passe;-1;0;0;+1;Prévenir Valix à l'arrache;Valix ne panique pas mais ça va prendre du temps de la refaire, mais le résultat est magnifique;+1;0;0;-1;PLOUF_HESITE;BACK_CHAMBRE
IMAGINARY_MONSTER;;;Tu mentionnes dans ta chronique un monstre qui est en fait retiré du jeu à sa sortie dans Monster Hunter Wilds;Tu assumes;Tu décris en détail le comportement du monstre, tout le monde comprends que Capcom a prévu un DLC pour le sortir plus tard. Capcom d'ailleurs: leur seule réponse est un GIF de Palico confu;0;+1;0;0;Tu l'as peu être inventé?;Tu te demande si ta créativité n'est pas hors de contrôle, tu vas faire plus attention à rester terre à terre pendant un temps;0;-1;0;0;PLOUF_FATIGUE;BACK_CANAPE
BATTRE_BENJAMIN;;;Tu tentes de battre le record de Pseudoless au karaoké sur Yakusa. Soyons honnête: fini le jeu tortue ninja sur nes les yeux fermés serait plus simple.;Tu ne lâches rien;Tu focus pendant 80h d'affilés, mais tu l'as battu sur une chanson. Mais désormais ton cervau "voit" la musique, pratique. Bon le mauvais côté: ton cervau "voit" la musique...;0;+1;0;-1;Tu abandonnes vite;Au bout de 15min tu comprends l'erreur que tu as faites. Tu n'apprends rien de neuf, sauf que Pseudo est quand même sacrément balèze aux jeux de rythmes;0;-1;0;+1;PSEUDO;BACK_BIBLIO
MARCHE_GRIS;;;Ton analyse du marché gris a alerté les sites de revente de clés. Tu reçois un email "légal" pas très agréable;Le publier en ligne;Le public te soutiens et adore ton audace. Mais ta juriste à la maison aprécie beaucoup moins la blague par contre et ta passe un savon.;+1;0;-1;0;Se faire discret;Ta juriste à la maison prends le sujet en main et ils battent en retraite. Mais ton public n'a rien compris et pense que tu as attaqué G2A en premier;-1;0;+1;0;MMEPLOUF;BACK_CUISINE
STRANGE_LIGHTS;;;Pendant le test d'Alan Wake 2 les lumières de ton bureau clignotent en rythme avec les jump scare du jeu!;Intégrer à ta vidéo;Sam Lake te cite comme meilleur testeur lumière, mais madame et cherche activement un nouvel appartement vu que celui là semble maudit;+1;0;-1;0;Appeler un électricien;Il te facture 200€ et "debunk" la malédiction qui était juste de ton ancienne Wii U avec Sonic Lost World dedans: il est connu que mélanger Sega et Nintendo fait des étincelles, tu aurais du le savoir avec le temps;-1;0;+1;0;MMEPLOUF;BACK_BUREAU
PSEUDO_FIFA;;;Tu es plus que surpris: Pseudoless te propose de parler du nouveau Fifa pour le prochain podcast!;Du foot? pourquoi pas;Tu passes un bon moment à rejouer la victoire de la Suisse face à la France en boucle. Ton stream est dans les plus vus en Suisse lors de cette semaine;+1;0;0;0;Pseudo, tu vas bien?;Tu envois vite la police chez Pseudoless car tu suspecte qu'il soit retenu contre sa volonté. Et en effet, un fan hardcore de Gotham Knights l'avait enlevé dans une convention DC! Ouf, il est sauvé grâce à ta perspicacité :);0;0;0;0;PSEUDO;BACK_BIBLIO
PSEUDO_LIKE_FF14;;;Pseudoless t'annonce sa vengeance, heu le prochain podcast: FF 14, c'est parti pour 150h de grind!;Couper la poire en deux;Tu proposes FF7 à la place, c'est seulement 40h et plus populaire en plus;+1;0;0;+1;Aller un cran plus loin;Tu proposes FF 15, c'est tout aussi long, mais ça plait moins, Pseudo ne l'ayant pas fait va aussi souffir;-1;0;0;-1;PSEUDO;BACK_PODCAST
WEBCAM_FAILURE;STREAM_POST_CHRONIQUE;;Ta webcam se met à fumer au lancement du stream!;On repousse à demain et tu files\n chez le revendeur du coin;Le magasin était fermé, tu as du en faire 3 pour avoir une caméra, mais au moins elle met bien au point.;+1;0;0;-1;On fait sans facecam;C'était l'occasion de voir ton nouveau setup de stream dans ta nouvelle maison, le chat est déçu.;-1;0;0;+1;PLOUF;BACK_PODCAST
LIVESTREAM_FAIL;STREAM_POST_CHRONIQUE;;OBS plante au bout de 10 min avec une erreur en russe.;Passer 2h à débugger;Tu transpires beaucoup mais tu arrives à trouver une version qui marche.;+1;0;0;-1;Bah pas cette fois.;Tu annonces que t’as la flemme de fixer ce bug. Les fans compatissent mais sont un peu déçu.;-1;0;0;+1;PLOUF;BACK_BUREAU
TROLL_RAID;STREAM_POST_CHRONIQUE;;Ton stream se fait attaquer par des trolls.;Bannir et continuer;Dur à gérer, mais aidé par Léa et Valix, vous gèrez ça comme des pros, tes viewers te soutiennent.;+1;-1;0;0;Stopper le live;Tu coupes, choqué, mais l'esprit protégé.;-1;+1;0;0;FANBOY;BACK_MAISON
CHAT_SPOILERS;STREAM_POST_CHRONIQUE;;Un membre du chat te spoil la fin du jeu de la prochaine chronique que tu venais juste d'annoncer.;Tu en rigoles;Heureusement c'était le prochain Mario, donc savoir que le royaume Champignon est brulé à la fin du jeu n'a que peu d'impact sur le gameplay. Mais tu te dis que ça reste un drôle de choix de la part de Nintendo quand même.;+1;-1;0;0;Tu demande à Léa de s'en "occuper";Ta modératrice ne fait pas dans la dentelle, et on entends les cri du spoilers en echo sur le chat. Pas de pitié avec les spoilers, que ce soit la fun de l'histoire du prochain Mario n'y change rien!;-1;+1;0;0;FANBOY;BACK_MAISON
YOUTUBE_ALGO;STREAM_POST_CHRONIQUE;;Youtube te snobe, la vidéo sur $GAME stagne à 12k vues.;Ne rien changer;Tu assumes. Le bouche-à-oreille fera le reste.;0;-1;0;+1;Changer la miniature;Tu tentes un truc absurde. Ça marche !;0;+1;0;-1;PLOUFMAN;BACK_PLOUFCAVE
STRIKE_YOUTUBE;STREAM_POST_CHRONIQUE;;Ta vidéo $GAME est démonétisée pour une raison absurde.;Faire appel;Tu récupères la monétisation, mais dans 48h. Plus le temps de streamer.;-1;0;0;+1;Râler sur Twitter;Ton public te soutient, mais tu perds du temps à gérer les commentaires.;+1;0;0;-1;EDITOR;BACK_EDITEUR
DAUGHTER_DRAWING;WRITE_CHRONIQUE;;Ta fille veut que tu dessines un dragon avec elle.;Lui consacrer 30 minutes;Tu t’amuses, et tu te reconnectes à ton plaisir de dessiner sur papier.;0;0;+1;-1;Promettre demain;Elle boude un peu, mais tu avances ton écritur.;0;0;-1;+1;PLOUF_FILLE;BACK_PLAGE
REVIEW_NOT_FUNNY;WRITE_CHRONIQUE;;Tu relis ton script : aucune blague sur $GAME ne fonctionne.;Réécrire tout;Tu reprends à zéro. C’est long, mais tu retrouves ton style.;0;+1;0;-1;Garder comme ça;Ca fera une vidéo “meh”, mais ça passe, et puis ça va bien avec $GAME.;0;-1;0;+1;PLOUF_HESITE;BACK_BUREAU
SPONSOR_NOT_FUNNY;WRITE_CHRONIQUE;;Le sponsor d'une vidéo d'analyse n'est pas fan de Gros nounours, et demande un script plus sérieux.;Jouer le jeu corporate;Tu encaisses, mais ça te frustre de ne pouvoir placer Gros nounours.;+1;0;0;-1;Négocier;Tu négocies et gardes ton ton, mais la marque va moins parler de ta vidéo sur Twitter.;-1;0;0;+1;EDITOR;BACK_EDITEUR
SLEEP_IN;WRITE_CHRONIQUE;;Grosse soirée, tu te lèves à 11h, explosé.;Tenter de rattraper le retard;Tu rushes ta matinée. L’angoisse monte.;0;-1;0;+1;Commencer mollo;Tu prends le temps de petit-déjeuner et d’émerger.;0;+1;0;-1;PLOUF_FATIGUE;BACK_CUISINE
VIDEO_ANALYSIS_IDEA;WRITE_CHRONIQUE;;Tu as une fulgurance : et si tu faisais une vidéo analyse sur la boucle de gameplay de Pong?;Focus sur ce que tu faisais;Tu oublies vite cette idée. La vidéo serait bien trop longue.;0;-1;0;+1;Tu arrêtes tout et commencer à l’écrire;Tu poses des idées brutes, ça fuse !;0;+1;0;-1;PLOUF_HESITE;BACK_CANAPE
CRY_FAR_CRY;WRITE_CHRONIQUE;;Tu as ENFIN un Far Cry en Australie! Mais fini en 10h, rien ne vient pour ton texte. Ce jeu est vide, RIEN de changé avec Far Cry 6, et même pas de boumerang!;Te torturer 3 jours sur l'écriture de la\n chronique.;Cette chronique sera l'une des plus vues, avec une comparaison des thèmes philosophiques entre ce jeu et l'"Etranger" d'Albert Camus.;0;+1;0;0;Tu fais une chronique vide...\n comme le jeu;Ca ne sera pas ta meillere chronique, mais elle sortira bien jeudi;0;-1;0;0;PLOUF_PUBG;BACK_RUE_RUINE
RAINY_DAY;DRAW_CHRONIQUE;;Il pleut à torrents. Ta fille veut jouer à la Switch avec toi.;Dire oui;Vous rigolez sur Mario Kart, c’est une pause sympa.;0;0;+1;-1;Refuser;Elle boude mais tu avances bien ton dessin.;0;0;-1;+1;PLOUF_PETITE_JOUER;BACK_BIBLIO
FILLE_PIRATE;DRAW_CHRONIQUE;;Pendant que tu dessinnais des jolis bateaux pour Barbeplouf sur Yakusa Pirates, ta fille a gribouillé ton story board en rajoutant une jolie licorne pirate;L'intégrer;Tu changes tout ton script pour faire tourner l'histoire autour de l'histoire de Majima qui cherche son cheval tout au long du jeu;0;0;+1;-1;La supprimer;Tu enlèves sa licorne de ton story board, mais elle ne comprends pas en voyant la vidéo finale et te fais la tête désormais;0;0;-1;+1;PLOUF_FILLE;BACK_CHAMBRE
INSPIRATION_MUSEE;DRAW_CHRONIQUE;;Tu manques d'inspiration, madame te propose une expo de pixel art.;Y aller;Tu fais le plein d’idées et tu passes un bon moment.;0;+1;+1;0;Rester bosser;Tu avances sur les dessins de $GAME mais tu bloques toujours.;0;0;0;0;MMEPLOUF;BACK_PLAGE
COFFEE_SPILL;DRAW_CHRONIQUE;;Tu renverses ton café sur ton carnet de croquis sur $GAME.;Te refaire un autre café et redessiner;Tu acceptes le chaos et te relances, et ça donne au final un résultat encore meilleur.;0;+1;0;-1;Pester pendant 5min mais partir avec ça;Bon tu n'arrives plus à comprendre certains détails qui sont peut-être du café (ou pas) mais tu as assez perdu de temps.;0;-1;0;+1;PLOUF_FATIGUE;BACK_CUISINE
SWITCH_NEW_GAME;DRAW_CHRONIQUE;;Un nouveau Mario Paper sort aujourd’hui en shadow drop! Maudit Nintendo.;Le laisser de côté;Tu te tiens à ton plan. Tu le savoureras plus tard.;0;-1;0;+1;Y jouer tout de suite;Tu t’éclates, mais perds une journée.;0;+1;0;-1;PLOUF_JEU_MORT;BACK_CUISINE
ACE_ATORNEY;CHOOSE_CHRONIQUE_GAME;;Ta chère et tendre te "suggère" très fortement de laisser de côté $GAME pour faire le nouveau Ace Atorney à la place.;Accepter d'y jouer;Tu testes, mais cette histoire de verrou Psychologique a faire sauter ne t'inspire pas trop.;0;0;+1;-1;Refuser avec le plus de diplomatie possible;Objection!... tu ne t'en tireras pas si facilement, et tu le sais. Il faudra bien que tu y joues un jour.;0;0;-1;+1;MMEPLOUF;BACK_PLAGE
TOO_MANY_GAMES;CHOOSE_CHRONIQUE_GAME;;On est en novembre donc... oui c'est l'embouteillage de fin d'année qui est là;Tout tester;Tu survoles 5 jeux, mais 5*10h ça fait quand même 50h, ça va être chaud d'être près pour le jeudi d'après alors qu'on est... mercredi.;0;+1;0;-1;Faire confiance à son instinct;Tu choisi $GAME et focus dessus, ça ne sera peut être pas le meilleur jeu, mais au moins le timing sera ok.;0;-1;0;+1;PLOUF_HESITE;BACK_EMBOUTEILLAGE
VIEWER_POLL;CHOOSE_CHRONIQUE_GAME;;Tu as proposé à ta communauté de voter pour le prochain jeu à tester (mauvaise idée).;Suivre le choix populaire et jouer\n à "Daikatana";Tu joues(aka souffre) sur "Daikatana", les viewers adorent ton calvaire et font des memes entre tes cris et ceux du JDG..;+1;-1;0;0;Changer discrètement les résultats\n (pour Stray);Tu optes pour "Stray", certains fans râlent, mais les potis chats ça marche toujours.;-1;+1;0;0;PLOUF_HESITE;BACK_BUREAU
KID_CHOICE;CHOOSE_CHRONIQUE_GAME;;Ta fille insiste pour que tu testes "Paw Patrol".;Faire une mini-chronique;C'est attroce à jouer, mais tu crées un chef-d'œuvre ironique. Etre un jeu pour enfant ne pardonne pas tout.;+1;-1;0;0;Refuser avec un dessin;Elle boude, mais tu gardes ta dignité (et santé mentale).;-1;+1;0;0;PLOUF_FILLE;BACK_PLAGE
SKULL_BONES;CHOOSE_CHRONIQUE_GAME;;Ubisoft t'envoie une clé "Skull & Bones" Ultra premium avec un gros chèque (virtuel) pour acheter sur leur boutique de micro transactions.;Se laisser tenter;Tu tentes de deviner où sont passés les 11 ans de développements. Tu ne trouves pas, mais cet excercie mental t'a bien mis en jambe pour la journée.;0;+1;0;0;Non mais non en fait;Un jeu de pirates? Et pourquoi pas un Yakusa pirate tant qu'on y est?;0;-1;0;0;PLOUF_DARK;BACK_EDITEUR
MARVEL_AVENGER;CHOOSE_CHRONIQUE_GAME;;Tu testes "Marvel'Avenger", et au bout de 15min tu sens que ça va être dur, très dur.;Y jouer sobre;Tu te demandes s'il va être plus pénible que Resident Evil 6. En tout cas il est bien parti pour. Mais ça te donne de nouvelles idées de gags.;0;+1;0;0;Le continuer après une soirée arosés\n avec des amis;Ceci améliore grandement le jeu, par contre tu n'arrives pas du tout à relire tes notes. Tu n'as pas le courage d'y jouer sobre, faut pas pousser.;0;-1;0;0;PLOUF_FATIGUE;BACK_CANAPE
RIDE_TO_HELL;CHOOSE_CHRONIQUE_GAME;;Tu pensais avoir pris Days Gone, mais au bout de 2h de jeux tu as un doute, et c'est en fait Ride To Hell Retribution!;Continuer à "jouer";Mme Plouf te demande à quoi tu joues lors d'une scène... "érotique" et tu bafouilles en lui répondant. Par contre tu as trouvé le prochain sujet du podcast de Noël.;0;+1;0;0;Tu arrêtes les frais de suite;Bon 2h de perdu et tu dois réussir à revendre ce jeu maintenant sur Le bon coin.;0;-1;0;0;PLOUFMAN;BACK_PLOUFCAVE
METROID_FEDERATION;CHOOSE_CHRONIQUE_GAME;;Tu testes le jeu Metroid Federation Forces, mais il est si nul!;Faire ton deuil, et parler de cet affront à la franchise;Tu traites hônnetement de ce jeu, mais tu ne regaderas plus jamais cette franchise de la même manière.;0;+1;0;0;Tu passe vite sur le sujet;Tu supprimes tes souvenir de ce jeu.;0;-1;0;0;PLOUF_DARK;BACK_RUE_RUINE
FIFA_TRAUMA;CHOOSE_CHRONIQUE_GAME;;Si Fifa est l'un des jeux les plus vendu, c'est qu'il y a une raison non? Tu y joues avec Madame en jouant l'équipe Suisse.;Vous jouez plus de 50h;Vous avez rajoué toute la dernière coupe du monde. C'était très rigolo, mais tu te dis que 10h auraient largement suffit pour la chronique en fait;0;0;+1;0;Jouer juste une soirée;Madame avait sorti les drapeaux Suisse dans toute la maison, mais les range tristement.;0;0;-1;0;PLOUF_FATIGUE;BACK_CANAPE
ROCKET_ADDICT;CHOOSE_CHRONIQUE_GAME;;Tu testes "Valheim" en duo pour une future chronique.;Jouer "juste une dernière";Tu perds 8h dans ce vortex, mais c'était ultra fun.;0;0;+1;0;Désinstaller après 1h;Tu démontais "par erreur" tout le temps le lit de ton ami.;0;0;-1;0;PLOUF_HESITE;BACK_BUREAU
NEW_FROM_SOFT;CHOOSE_CHRONIQUE_GAME;;Tu hésites à tester le nouveau jeu de From Software, mais madame se rapelle que tu étais pas sacrément grognon la dernière fois;Mais le public le demande;Tu passes 80h dans les mondes horrifiques, et tu est mort plus de 1500 fois, donc oui tu était sacrément grognon. Mais tu le sais, le vrai "true last boss" est celle qui te lances un regard de mort de l'autre côté de la table;+1;0;-1;0;Ecouter ta fan N°1;Ton public est déjà sous une avalanche de vidéo sur ce Elden Born Ring, tu en profites pour aller voir un jeu du gamepass mais ça attire moins de monde;-1;0;+1;0;MMEPLOUF_DODO;BACK_CUISINE
GAMER_ILLNESS;PLAY_CHRONIQUE_GAME;;Tu es malade après avoir joué 10h sans pauses à $GAME.;Continuer à jouer;Tu réussis à finir $GAME, mais tu te sens épuisé.;0;-1;0;+1;Reposer quelques heures;Tu reprends $GAME après une bonne nuit.;0;+1;0;-1;PLOUF_FATIGUE;BACK_CHAMBRE
GAME_TOO_LONG;PLAY_CHRONIQUE_GAME;;Horreur: $GAME est deux fois plus long qu'affiché sur How Long To Beat.;Assumer;Bon soit. Tu skiperas peut être une quête secondaire ou deux, mais tu comptes bien voir le plus gros de $GAME.;0;+1;0;-1;Rusher le jeu;Tu prends de (gros) raccourcis. La vidéo sera moins complète mais au moins elle sera à l'heure.;0;-1;0;+1;PLOUF_JEU_MORT;BACK_RUE_RUINE
PSEUDOLESS_DEADLINE;PLAY_CHRONIQUE_GAME;;On est le lundi du post du Podcast, tu n'as pas monté sa vidéo, et 13h arrive bientôt, mais tu n’as pas fini de jouer à $GAME.;Switcher sur le montage vidéo du\n podcast;Tu retrouves tes rushs du jeu et hop, la vidéo est proche.;0;+1;0;-1;Continuer de jouer;Les patreons auront la vidéo en retard, ça leur fera une excuse pour l'écouter une seconde fois.;0;-1;0;+1;PSEUDO;BACK_PODCAST
VIEWER_BET;PLAY_CHRONIQUE_GAME;;Tes viewers parient que tu ne finiras pas "Getting Over It".;Accepter le défi;Tu y passes 8h, ta réaction devient un meme.;+1;-1;0;0;Jouer 30min symboliques;Tu sauves ta santé mentale, mais tu dois avouer à tes viewers qu'ils avaient... bah raison.;-1;+1;0;0;PLOUF_COLERE;BACK_RUE_RUINE
CHAT_CURSE;PLAY_CHRONIQUE_GAME;;Ton chat a voté pour "Minecraft" via des dons comme prochain jeux.;Y aller en solo, voyons voir ce monde aussi caré que toi;Tu creuses sous toi même et tombe dans la lave. C'est nul en fait Minecraft.;+1;-1;0;0;Y aller avec Mme Plouf et Pseudoless (il a été dur à motiver);Madame fait les murs en laine de toutes les couleurs, Pseudoless est déjà parti tuer le dragon au bout d'une heure. Vous vous amusez bien.;-1;+1;0;0;PLOUF_DARK;BACK_CANAPE
RETRO_VOTE;PLAY_CHRONIQUE_GAME;;Tu avais nommé RE6 comme pire jeu du monde. Ta communauté a voté pour "Bubsy 3D". Tu vas devoir y jouer pour départager.;Assumer jusqu'au bout;Tes yeux vont mettres des semaines à s'y remettre, mais RE6 est définitivement pire, car lui souille une license légendaire.;+1;-1;0;0;Regarder un let's play d'un oeil.;Tu auras toujours un doute si RE6 était vraiment le plus mauvais jeu...;-1;+1;0;0;PLOUF_JEU_MORT;BACK_BIBLIO
OVERCOOKED_RAGE;PLAY_CHRONIQUE_GAME;;Tu joues à "Overcooked" avec Madame Plouf, mais ton organisation en cuisine dans le jeu ressemble à celle de la réalité (spoiler: c'est pas génial).;Switcher sur un autre jeu coopératif,\n genre It takes two.;Tu sauves ton égo d'organisateur cuisiniste, mais tu as déjà chroniqué It Takes Two.;0;0;+1;0;Vous continuez à jouer;Ton égo d'organisateur cuisiniste est au niveau des paquerettes, mais la chronique sera bonne;0;0;-1;0;MMEPLOUF;BACK_CUISINE
DIVORCE_DANCE;PLAY_CHRONIQUE_GAME;;Marathon "Just Dance" avec Madame pour la chronique.;Viser le top 1 mondial;Tu finis aux urgences pour claquage, mais madame a de quoi racontrer à votre fille comme histoire drôle pour des années.;0;0;+1;0;Faire 3 chansons et puis fini;Madame aurait bien aimé jouer un peu plus, et il va falloir broder pour faire une bonne chronique.;0;0;-1;0;MMEPLOUF;BACK_CANAPE
MARIO_GAMECUBE;PLAY_CHRONIQUE_GAME;;Lors de ton test sur Paper Mario Remaster tu remarques que les crédits mentionnent encore "Gamecube" au lieu de la Switch, tu préviens Nintendo qui le fixe en moins de 24h (leurs devs sont aussi efficaces que leurs avocats, c'est dire);Faire une vidéo "les fantomes du passé";Tu fais une vidéo sur l'âge d'or des jeux gamecube à tes yeux, Nintendo relais ta vidéo dans le monde entier;+1;0;0;0;Tu mod le jeu pour remettre "gamecube";Nintendo t'envois une mise en demeure dès le lendemain, et tu es ban du Nintendo Online;-1;0;0;0;EDITOR;BACK_EDITEUR
SABRE_COINCE;PLAY_CHRONIQUE_GAME;;Jouer au samouraï est difficile: ton sabre reste coincé dans un mur dans Rise of the Ronin, même après rechargement;Tu publies un speedrun glitch%;Tu en profites pour tester un nouveau type de vidéo, sur l'art du speedrun glitch%, ça prends du temps mais tu as pleins d'idées;0;+1;0;-1;Tu renommes la chronique "Art du bug";Obligé de dessiner un rocher dans toutes tes images qui gache un peu tes jolis dessins;0;-1;0;+1;PLOUF_COLERE;BACK_BUREAU
ANIMATION_BLOCK;ANIMATE_CHRONIQUE;;Tu galères à animer un passage où tu te fais écraser par un mob de $GAME.;Reprendre depuis le début;Tu perds du temps mais le rendu est bien meilleur.;0;+1;0;-1;Garder l’anim moyenne;Tu passes à autre chose. Pas dit que les viewers vont comprendre la blague.;0;-1;0;+1;PLOUF_JEU_MORT;BACK_RUE_RUINE
YOUTUBE_COMMENT;ANSWER_CHRONIQUE_COMMENTS;;Un internaute te traite de vendu (oui y a de sacrés c*ns sur internet quand même).;Répondre avec sarcasme;Tu gagnes des likes, mais ça te trotte en tête pendant des heures.;+1;-1;0;0;L’ignorer;Tu ne t’embarques pas là-dedans.;-1;+1;0;0;FANBOY;BACK_MAISON
SONY_FANS;ANSWER_CHRONIQUE_COMMENTS;;Ta vidéo sur l'échec de la PS5 a reveillé les fan hardcore de Sony et t'inondent de commentaires haineux;Répondre en citant tes sources;Ils battent en retraite, mais tu as perdu 3h dans l'histoire;+1;-1;0;0;Ignorer les haters;Ton public ne comprends pas pourquoi tu laisses des âneries être dit dans les commentaires;-1;+1;0;0;FANBOY;BACK_MAISON
PATREON_CRISIS;ANSWER_CHRONIQUE_COMMENTS;;Un contributeur a mis un commentaire patreon particulièrement négatif et long sur un post, mais au bout de 15min de lecture (oui aussi long que ça) tu comprends que c'était pour Fin du Game et pas Plouf et Pseudo.;Aller écouter le dernier épisode de FDG\n et lui faire une réponse sur le fond;Il s'excuse et promets de ne plus recommencer, mais tu annules ton montage pour aujourd'hui.;+1;0;0;-1;Supprimer purement le commentaire.;Certains membres ne comprennent pas et se plaignent dans d'autres commentaires, c'est sans fin.;-1;0;0;+1;FANBOY;BACK_MAISON